"compound","Tote_1","Tote_2","Tote_3","Tote_4","C_1","C_2","C_3","F_1","F_2","F_3","N_1","N_2","N_3","NF_1","NF_2","NF_3","NP_1","NP_2","NP_3","NPF_1","NPF_2","NPF_3","P_1","P_2","P_3","PF_1","PF_2","PF_3"
"8",61319405.6148482,14580244.4567876,107265141.117169,77399608.2328464,15822596.1652836,13822640.5838349,38446357.3913015,12370279.2781094,10981938.1498011,17194617.365462,15275760.6259926,10556237.0244469,13479148.9844756,6393306.06969867,7805389.67208616,30320551.3918444,8605057.1009879,8643039.18668115,9147515.97938747,14670027.8764155,8133267.131369,10666709.9424849,11966800.0248255,5519067.10034114,12115800.8053665,9411026.95321632,17571058.076369,27628271.3751854
"58",5214080.61811929,4313109.67171381,6374824.79243469,6590590.41781461,5324998.18149618,7047049.58418518,7166303.03284889,6731340.09036352,4294077.23929956,4793264.41868699,7129553.44375852,9039031.76092149,4408152.96223877,17495324.2815746,4337184.44912359,9997059.42039068,13405432.6591473,5040696.20668606,7934014.31122597,11582098.4128155,8955205.16825273,14178973.2706176,5853769.87878729,6159066.04494011,4217765.79448451,5136438.85157536,5976520.2329375,5366969.3614476
"65",7303379.24768053,10033871.6045394,12229727.9012586,12326051.5908154,10019586.2341259,10139198.3821749,14043404.8318724,17876650.2726107,7100761.26315439,8587597.98908088,24029703.0677577,22465323.0003081,13952821.7033433,43683835.3380196,24893316.5051841,25192239.1195794,43067925.9890953,9066959.46861972,10269776.1284032,31078437.9480351,31857517.2027845,37247584.5000703,13327046.1759399,4485211.93965325,7930188.67302728,11425512.3380716,10651324.1262431,12722855.3238399
"83",288577819.844004,646842253.407436,182337667.616508,72040146.4878032,8863168.81274322,3246133.83749862,1434895.63201951,6741890.47107571,4652401.13225985,6005366.24615192,58068827.9890478,22170700.7946073,13451436.11279,6661400.95482959,5656464.77318308,13983522.6050601,52616772.0239119,24777954.4661643,1323739.77856876,21945275.1309843,19859536.4692267,15629966.0269103,2602381.92284047,12807914.2799488,219306.872349972,121699642.414234,4772213.47604852,160036630.314034
"133",37657095.334778,110516893.255137,21521507.6454549,42773030.3792323,26278780.7710516,24091686.8415227,13384000.6793675,66306903.6328956,48097232.5644545,23054266.8232496,189509402.304615,118526513.191339,8519256.80527405,193027723.359987,66201452.2415726,48398923.7715318,109811693.259538,31474486.907245,29115653.9876095,103446263.225247,146530733.981916,138217636.628443,34342707.6015981,51064603.335433,17719731.0086437,36705879.9226166,39111655.7765538,43761532.5917114
"144",737175936.087115,680044844.533542,603727298.07304,695304600.805357,657502725.828482,780336547.21955,684190501.431998,686306196.990199,682136438.405015,636150361.130126,671581461.66721,677761425.231639,735490319.060807,486936193.543603,672527828.431759,602614748.032303,782365088.050649,676023313.206537,541461822.468181,698692398.798688,666192188.772474,643568890.682253,728000665.897219,703721636.753446,663156172.739763,843885887.822696,664788826.428714,607104286.977382
"152",3095535.19302006,1404873.10502573,4015695.57892639,3865635.29927212,422067.36133318,225640.407745417,219064.226192808,96652.6492053533,630243.320988894,123475.427857761,3077988.12273526,1246198.84012918,62242.5801061094,722183.313788821,477024.77517774,324080.392569331,1505041.3918148,579421.356520835,379812.1193601,2702483.97245984,1624907.03119126,2366678.38410136,333783.733619269,403033.872657156,195377.793987875,170568.242086396,302050.272900616,617579.510434538
"170",5317234.63167843,18953219.1681624,2997859.06627098,7937488.32220303,8102963.06833992,12996193.5164552,16106977.4663745,29387528.1484605,18281118.5959843,5728680.4047594,102257700.145111,38087007.552698,4953492.30377456,132383379.50284,48239086.181441,15510857.7272645,95409209.3106233,31507105.2529894,18043157.546641,170551627.509248,84790870.2457441,145402704.801271,24162208.7808325,7999045.68188417,4890018.04875384,20000429.5576496,13791079.6752589,16989243.6977215
"172",84682882.5900801,24190043.4396449,194931793.375517,307119739.631176,11484837.3172096,18701037.3673958,63000412.0846346,13614571.7818821,9124927.57983502,86835616.9747312,19247039.3197587,15747352.1696577,34320163.8983858,32902311.9233051,11973069.2101288,57211969.5810086,24955615.0876649,7197919.53975888,8937247.34882017,15036989.7565671,10399797.295594,16971655.2047334,14989700.7616729,9807505.89534721,9114252.6898698,12099456.525377,17871003.1314331,26930821.9418322
"199",8749838.64978094,8618562.83010922,11347872.6520445,8471740.72844179,4109319.7616431,6373450.01830851,8835536.51406326,2916236.67788421,5165347.84397253,3632949.05145027,11709116.6267821,20618336.7582604,5784870.37126251,10868439.7268606,2170141.82462063,9411179.8525484,3040505.07333875,3043569.8068306,8228882.7744509,40866207.5753264,7617336.10128077,5619158.06169721,4368940.04190394,14216620.1375853,3163237.84391753,2772957.11136226,6550058.17982444,7576263.47000329
"200",9497472.96609434,7403121.97874194,14167671.3053822,10428537.0337179,6469139.89064429,9288292.02572075,8690354.57880587,7055108.03688633,5993058.78721396,5290093.85872588,9426044.92240072,9863162.79859512,7206660.42134802,7252901.75929077,2218587.23179651,8669109.29046858,7454146.38318431,4794684.80620518,5514131.5762203,12623790.5037431,7722080.82037298,6938426.64630196,7129710.44931679,6083270.65483618,6660625.17158271,7591082.42603559,7525690.66992621,8231368.81940916
"213",8616942.12874256,4654208.31741901,37373362.8940952,18348667.3724652,3394186.60993951,3694661.22451065,3281640.04283845,2924073.60083654,2776759.94267372,2622778.0091372,2896699.59356896,2963184.28426354,4885975.88390783,2470931.1496564,1021361.03189272,3453764.35235476,2950750.73534676,2937697.31360222,2326825.04136429,2954212.25915143,2452627.9020653,2567523.03934758,3256529.54848704,3530964.14948828,2347761.60900984,3263846.73345752,3322448.57403362,2782977.36179923
"216",32805361.9219934,31451585.4939528,25608327.4748468,29733080.6780627,30007733.330146,36641651.9665009,30961061.2659048,30751273.9585498,32706749.7651317,28162145.8211416,29181931.1818995,32584629.9836185,35216943.339904,19184155.2828942,30085952.4260145,27881147.3712288,37469498.9538997,30837401.8326119,24323752.4315801,31225101.5505309,30048596.9646124,28453484.1054273,32227011.9137003,36514531.7080499,29938974.8467717,40233585.8269989,30023213.6084732,26362628.8159687
"238",96723.0034411004,833912.368461982,196364.532301606,272024.123380081,554454.956987402,49716.582326248,355373.845327391,936775.815413788,329898.666371735,454934.640423179,349656.123745094,421977.082767444,136188.173816412,151937.401610234,166553.925958273,15377.1209706626,37968315.0953383,2298047.44042289,2905732.96844342,68620165.4380198,5273597.25969776,16910755.0619464,498840.581312277,262933.096325323,294357.798714388,1554322.15719229,253114.472813715,825517.380540021
"282",50733261.0555071,27870903.832398,33704605.3636896,27454692.361669,27716585.8626619,56645202.7222679,22489902.3122578,47696737.2462404,35013473.455275,30630004.3163617,90601978.7130427,32725025.9510825,29383905.5284546,50430788.5430185,30767789.4856419,43437487.0715695,29656373.3482562,61045767.8990619,46360625.347602,36190499.0288641,44304445.6928521,68861206.2319108,41563165.6383846,26222049.3918317,30291501.5830807,54667570.1367127,32295719.305408,33577562.6342228
"285",12529543.4182428,9259978.88655163,5518905.97756961,12068183.4331512,4115022.64352317,6130664.82510851,6566220.60870903,4498520.8554625,3749076.87437784,6787938.92488565,3612209.71303909,4633342.5274999,6727318.7220709,4658318.7257998,4053128.23979069,4920857.15022018,4822468.89060538,2314070.51903107,3832886.39293611,3015655.94512865,3204852.98369336,3169108.60631568,3762487.7248601,1709907.61527761,3570749.47053063,4393365.43275865,3952313.28216969,4057316.54430105
"302",9966944.82088764,25253918.3926811,7612194.63676031,9751930.0061429,6617840.97617336,32697379.7495737,5025019.14722839,37471750.2537569,15687657.288304,6788000.63548946,179256986.965461,150770276.45905,25324282.4688513,74074746.0558569,43071115.5266085,37681014.8566082,70390600.7762864,17863952.5469683,16866357.9720589,35822961.7742088,123895933.932967,44811977.3636313,18123096.5347232,43830338.0661622,5737033.16293071,21121303.4292891,82709950.1301214,10651527.0290565
"320",6530764.70783173,1472025.36087189,7610803.02145268,6078760.13445764,972702.61988882,2159347.0411828,4687877.69893923,659598.275225478,674059.182064339,1182020.88947402,816235.468948843,750430.249547939,1870079.21472923,275020.360962878,89738.3094918988,1649410.98599876,551045.717302045,665475.892373097,479707.632513463,627664.757932785,247589.499826751,315712.061170455,1198418.42800773,1064336.32471511,627729.256483813,531777.82027344,1195678.61532068,1686169.15942853
"337",21088269.9637726,15022459.5355981,47065515.2828356,28585172.783609,12853594.9264323,24977820.779805,34305943.3466215,30998209.5219508,17377118.7864328,11007404.8489974,53370704.6243546,45557662.3345292,13684791.2559558,108980163.215471,43438415.3639746,65666480.3498226,91154376.4077634,16741383.1658165,16642553.2673973,95421016.5419941,45365355.9031826,113629839.866446,19508600.5798348,6276387.05123059,6671909.76708544,18212521.2218982,20011067.4540539,25264015.2524035
"346",2178632.07321052,14284525.7828294,404785.761065625,4913248.97041486,16331395.7751612,4518549.43182961,3627701.85987693,4930314.14042232,6419788.09574568,2145370.94213206,81970431.1808983,29837688.1681149,4269606.19137386,22441502.1058086,11809528.2293585,8242695.86831987,49541426.5100279,30148534.7839295,9158207.60012184,47516986.2922904,23415457.8009681,45167299.8853489,12775404.6493121,3018691.66346481,83322.677051748,12029795.7520169,6864298.90458578,8669833.75640646
"347",0,48669.2007100419,0,0,141185.029783232,437618.549782203,0,38209.9621946017,183229.445837149,17726.6909721494,1850210.08527865,495456.543594758,292223.275713921,1573026.34652596,269767.902487942,2496605.98584005,56874666.7838819,0,19066.7815521905,35805755.9621571,72938159.0000887,3168395.21214851,705941.682588058,297005.96464228,0,462502.598962469,470205.012915589,0
"349",24058595.9905659,4655178.0083097,51483537.9647369,28944402.9441265,1566536.67894556,1411730.35879729,791688.303761122,1323250.27943164,558903.981518345,1065578.37199599,1069689.45850434,972279.498259609,6730051.26465231,705614.610723115,912722.241306973,1078072.8400149,1037814.28338452,615518.65057723,709066.443931411,1542696.30751812,703136.516695242,1005568.47426901,1196429.98286794,358819.147331979,833805.543393373,1016514.31491334,680119.84257719,1476859.27407885
"355",5386701395.05885,6045295570.53091,2543557470.25213,4557284428.26776,1684249125.52478,1787581541.67871,1140909204.43778,2787797565.61297,1596128098.13963,1034810616.19174,3355114439.47852,3045997722.47272,574429647.610196,3841773608.26479,898041750.464429,2764871526.15833,2274488281.0275,7300039940.81877,525053171.22266,1505678901.97344,4138774747.10038,5585344842.80107,3908926606.55423,789504040.987249,682674734.685835,3553378953.13811,1454761634.79987,3042203922.81791
"357",18822771.2829266,13332231.1430369,36535847.6905407,138166376.903369,8331729.7576877,21632553.0771593,11427510.109046,13033738.7103356,10693336.8328298,8189434.55618271,10182476.9364039,18955987.3466776,22063584.6301217,5777787.83180479,3400444.72523756,20163870.6307893,12030117.6847817,5110096.09857044,11964613.2707462,16800664.3241989,9623510.84323644,12407458.5693401,13282754.4663038,10954846.3763427,8426639.47103719,11290041.1146837,14873134.1758822,11177489.1033212
"358",290764272.948932,317129866.691029,128191990.43419,235146231.714721,91490446.1242057,97157558.0580275,59432228.0994647,136358604.662045,84496724.8963666,49900257.0654335,171060681.400143,168169277.163673,33695132.7256425,186823097.875933,42598215.7301553,135344256.689428,122735336.182133,389269292.164627,30571639.0539131,68982132.3395462,212813340.06498,304378847.381596,201664350.081202,42354287.1096179,35193869.8769112,180067765.821871,74196152.084885,155126013.121992
"367",16840703.4080247,20239180.2874942,18691700.32631,18639949.2816373,19910286.7362655,20989920.6835199,24025228.6037622,69578842.2654552,37075775.024979,14007177.9664777,139844182.499219,64427454.640185,14056769.6587674,180553429.862904,51004877.9169959,82692289.2181886,222837802.838037,31624340.1213766,15479781.3946931,231509531.27054,102629234.569306,167249150.39551,43540351.5377025,8515334.78473601,8371728.26716627,40557936.9079349,23189720.1290813,23069749.6691448
"417",29779416.8837981,4556202.22920278,31199229.2298633,9402023.01006672,3751200.55273855,11379905.1171908,2870751.81224945,17218634.326723,3413157.71274399,18409253.3454812,28723325.5112186,3197927.63223585,10764400.6023276,28976491.0540706,8632134.62667995,12367772.5167019,25016957.0817233,14203309.2203368,8685938.74579154,29234462.9989376,4471882.99399537,11955619.3940745,8412520.83752975,4143337.76462214,15207145.7560932,19482037.5321854,4713281.34842843,24747656.8653416
"476",81482975.2964125,62952069.5127304,47034703.6451523,137653840.001917,19166109.0714861,23337848.3334196,29403045.5234456,14773106.2011437,11111454.3968225,16977384.9494924,5655303.6497333,20047649.1859395,16170424.9446094,10680553.9202862,10415445.0024432,23056279.4412807,25063579.8891102,3348286.97539635,17140418.260956,6259167.5447926,6272459.38334997,7744015.05048587,18025924.6562941,15324393.3929007,12856375.6694246,13269969.5883281,20431454.8138388,14054809.7451919
"512",6874377.42793019,3887690.51890659,7217653.73907305,7742280.98891842,4879897.43135066,6857185.13325061,4696928.97709766,5329167.37551536,4829670.51032887,4860840.40465844,4876694.69880321,7006662.83065076,6919492.32042275,4632046.96001857,5467888.03796999,6611152.46149212,4876999.00583192,3766925.07648964,5259796.80668296,5511280.19119594,4946238.3774566,4484997.22259145,5158762.18055773,5880117.69863618,4863626.82555452,5586744.08174179,5741181.38303782,5262293.29560661
"513",96209464.6777935,29889723.0041099,60597210.5641226,49616003.9331073,30452418.0108871,100366465.499506,31908747.0693835,72233900.2375706,22517198.224143,62570135.0811501,131540431.399357,35382590.3056119,55778109.2841564,47452496.0287794,61838351.6625169,87269982.6910015,59240651.956323,66219854.8974709,73656207.4448575,77261713.6914959,41033874.5971949,100052413.111462,80909638.271697,33335012.0523523,57965945.060981,72056163.7591588,31854506.9501763,63984281.8723081
"516",1433092.52622386,1608867.37325545,2090533.6801124,1345931.94547913,1608028.54823726,1114934.3327001,1098871.22330585,2120356.57522309,2467664.13600934,1073260.18713418,5157436.98144775,3942404.14610495,2464680.23126265,3727835.27591357,1307337.46326065,1628514.58722101,4785728.45623852,633138.255239911,950483.080114503,4060852.41169091,8009416.93759184,3696503.38367774,1459016.44105783,1687228.54021248,837799.80951,4584381.35971783,1521830.16652717,1069195.11852144
"535",11149029.6076386,6556341.04053486,9234239.25869681,25688804.2859409,6031532.65127974,10010473.3462609,4481273.82645633,5817732.3942285,4875086.51069511,3365378.31485149,6372671.52405272,7354718.51231484,11256175.5444935,5523882.75453843,6113137.82179088,7445375.67302864,7423479.60265272,5178117.2008673,7052546.96735722,6400634.71970264,7735641.36731141,6476493.90724099,4284912.17162137,6232934.43875745,5153013.72177119,6378300.10183201,5336374.90451761,6336239.94942553
"538",647270443.774442,1026066789.3614,381071166.922566,767451688.814654,107616299.553859,392071642.317506,134481749.128093,282441352.672637,383753774.578013,129372612.901036,1111550673.11728,743954502.752422,73622193.5241052,1659184098.78255,165281902.5502,550694956.089799,181739053.884594,936272299.384503,251533142.075799,230266327.991179,719497132.185691,855702766.230157,463582294.880506,226489204.121554,181722857.490047,395184453.056512,407555174.782547,361327034.977156
"543",2243648.87943128,11257750.1297428,903304.985047891,3475095.51087586,1898886.5360071,2098596.93028972,2945676.11220432,5383873.5514843,4611395.61453543,862407.907349537,20674133.2442629,11758796.9892806,1078184.090634,30421200.6123064,4014375.99194657,1683711.68594057,14349954.296489,4422614.51750964,2803240.44239865,22750252.9586191,11319006.6432822,24688952.7697173,3304335.66247378,2435580.53035727,769447.705136661,1694806.98404646,2846754.49982521,3232894.30765139
"545",42006479.6846846,65824991.6677741,24277259.0356833,49059858.6029451,6830527.81154182,25080150.8545585,8612334.16090622,17573171.6790947,24039256.1314717,6854108.80676958,70917673.1170132,46760926.6217801,4034749.33089705,105835554.273338,1053951.6092562,34360322.5620158,8832557.45693537,57610919.9158091,15173271.8232647,12911843.0161597,45580120.9490485,54278388.5305696,30020269.5645956,12530581.8618636,11073869.213022,24497516.4040771,24786045.2173401,22425987.9297262
"549",17606865.7694346,5641278.26059916,22695260.6582584,16384077.0486759,38381492.2670697,13031786.0661708,12207323.145935,5243188.16612106,10595527.3706684,9221413.64019243,5017150.3939727,94248483.1997734,28013703.1555646,30343193.869184,132465454.675366,6232710.47234015,173068271.396572,35428564.3240257,62511145.5416073,252592450.629802,5524987.32737725,42906336.3882364,2941904.67459807,41895564.5060118,18847259.6905982,25676948.3609199,39378214.1561457,15103197.5415364
"551",153817204.493328,274478619.383659,91274188.717057,127574062.557754,42807083.6267676,88646489.0206029,37574353.9300573,96116735.9939994,88719779.8094923,54529391.5759058,552800245.328333,300446309.258177,52104863.5457424,128410269.941807,334497594.276561,191978817.096541,498219588.944532,138759638.978122,153930751.49105,756808838.817989,631209873.293895,211567761.817367,100235880.485175,104528175.757312,78650717.1842624,97637286.5472,128068712.542793,72594884.4421868
"555",5922669.66423387,21697639.408831,3472378.06281759,4700706.5962719,6740055.53449589,85250911.5668831,4582759.02730624,135280750.649039,21055940.6507561,7486087.56345737,378849562.313103,125902763.169044,22046415.3106037,193346251.011919,67860817.6890119,58754281.4883227,52408671.1004425,19187019.2621689,16710880.0316242,70802514.6225842,41208430.7790825,71279913.2147571,25094884.4931735,17816853.8461608,9627346.21082807,24986799.0208276,41762221.882221,10142938.8886674
"560",7215679.27435648,59670868.381939,1842696.70791438,10633372.3974619,56421906.6158999,70526213.0038982,15208779.830578,78446805.1145042,83339574.1882188,30004408.2020143,173804575.457812,231381006.363167,19970265.6096304,119149764.223575,49496905.9048697,75684954.996042,71288538.7820088,110090933.398733,27000645.2390943,35746408.2507203,162061007.758608,50105348.2052576,57310406.1309646,123963784.456517,3688579.27460353,151692058.475201,79257932.7389112,29100422.6091245
"561",36188747.0399047,123313370.465508,20437238.1999191,56657461.1642086,17771715.4142217,30744192.8690367,7268973.57839766,157715512.887095,93409033.3654522,90121287.0000537,989905831.943225,233747193.254737,25310571.7586494,606268236.989965,320921156.13498,152504560.500601,1230684121.94738,72441492.5876048,92493736.9035761,1276427444.92725,544694373.380785,677303560.020947,150906468.652584,147233616.885885,16115591.9144417,63091357.5041711,43885917.7005541,22336345.5404518
"565",7978111.53197279,14453509.1260181,4295524.60512764,5134070.70724004,1982296.27894612,4617494.62031738,1585946.07173439,4989392.9140085,4564339.57145849,2593982.91315077,28721500.980354,15204216.2759052,2117370.87939846,6110162.6901885,6380543.91170394,5400207.44502048,25622410.3125873,6881148.74958771,8008620.80774249,40503086.8282016,33799301.193152,10717604.7339485,5008770.79794752,4753268.05102718,3871368.00244812,4311624.749158,6401141.06021505,3570550.78929945
"571",80167420.0167419,140968843.58342,53085438.2841372,61526295.4218579,47730856.5536658,115524873.980521,36373701.2273211,64804025.1402714,58215435.0794424,58956370.6836623,183352002.168093,253922337.758391,57101051.1555626,80256393.5314126,150383861.329142,275045388.417025,94973961.0164626,94153398.6839163,35312730.4704103,159063154.920324,258306430.786971,71614542.4368009,93851683.6370338,84962077.091486,6691720.55689656,114063400.32927,68767939.8374737,73194253.6728226
"572",138357025.422077,95359156.1368542,108991802.65615,144749249.907351,17780187.9869274,23394723.9128558,11438505.9288772,21490281.6726113,12000215.869153,10781024.8230948,33679369.2051834,40706757.1511421,21628343.5330177,34683669.3705421,9303804.02227802,30968644.0712738,25810711.1817677,57104886.6452412,30902989.5030373,33576812.62945,61673561.2560563,43617922.0581488,22152667.9035077,26431812.0913635,11845435.2093197,41426322.073591,30119829.0575678,16373954.8935204
"575",1443168.82589873,1526036.50568107,1896379.98224724,1313400.05725204,1081948.86017534,1022749.79673808,1301228.48533757,907519.887410983,841227.992887228,816162.00118527,940544.582670441,1561203.98868478,848148.543484773,1143981.71184343,474748.998303733,720875.959278726,912459.163035029,1005299.38322297,1001137.0039511,1389104.33549549,1152502.0218936,914750.184050504,1034268.3548389,1703786.36302334,962546.997953962,840597.234345036,1254980.8700783,603368.100717907
"642",8681545.76512662,13067457.5760101,114513268.513923,11280705.4381329,5553117.67552696,23384094.218684,7408462.31701002,9256356.42474946,14482224.5320906,14791897.3090717,11359065.128751,23335170.2729883,4281348.44872663,18076845.2453142,4109708.2267861,7715913.66995717,15215137.2896298,13950973.8371468,8116204.63910267,7884078.74560677,20227311.6533231,66953158.9322861,20721419.0350214,8682504.75200269,14308891.0694939,9191532.81957471,13037462.1743758,15651702.3788504
"651",94932853.9218883,103347443.720163,66864507.1579007,74381923.2649473,26682954.1703779,81302569.6897752,30382305.6889288,82263345.0682804,111531140.595187,55601254.7412201,69109155.0009624,28359477.5154756,7017001.48265733,41240169.2204661,33141073.2385062,57920186.0356065,51193618.3982378,33054067.5181763,10859192.2953593,14727291.7096094,122018894.518923,84968680.5679319,130663181.397135,58771634.0170609,7665169.0807962,98507410.0873341,33429507.1456584,37211015.7929772
"652",152941338.374833,256131536.06588,106428451.693511,179292934.623323,4267582.52262492,82912432.9354698,3496808.5643103,8257116.08301828,14216870.1220921,6041711.43711822,5017910.93675763,7450515.79137942,397913.585696619,6778573.42608846,4417865.73962246,4830760.14864425,3867283.57409621,3518641.73387184,1628937.76476821,2622079.53519962,7430403.28463797,14124235.4867235,11124388.071485,135427708.254783,7637556.24191258,8166092.79001464,85573703.4012566,5640357.6783775
"670",4062266.54279339,3674592.15240945,5857109.68897621,7164685.58521117,2335557.67725415,1766399.41265008,1872299.61037544,7064054.24284601,2970428.85798389,1059859.22553436,22419337.6529241,7766793.79400924,2741358.13834392,23446930.5581537,17149332.8498134,5781436.88400927,34240572.5858057,4726945.40872939,4045663.09434518,42502857.5184295,16720678.6105027,30290506.0041033,3282219.92928384,1200665.81035455,1568972.46175114,3988134.42047345,3495400.3435154,3517469.32928737
"671",43597187.3206056,67189388.0894185,27325040.2132284,51360782.7325937,7344004.27167584,12734532.2531926,5112019.50940888,17015763.9275786,8166748.58542499,9283138.68129454,39139490.6553717,41180437.3084787,15796596.8034943,49604395.0900655,6233443.52792293,17935717.0746058,30137799.5471839,57626957.1535141,17367578.6658293,27155134.074938,41696688.6311051,64845483.837008,19702534.8131814,8050196.98782228,28106498.2685276,18789990.628223,11750820.0275838,9324056.08604925
"683",9803698.76667118,2789851.65345277,10917789.3642535,5633283.06769751,2529810.39108083,66873236.0570859,6386442.52421228,2973005.45525908,3208014.075611,18936244.3370496,4117540.65845149,3151013.28501179,17154419.6384382,40902550.1559166,1695982.32278865,6814831.49005732,2719064.28658984,2749566.72069516,5892037.95043517,15948127.1531553,4548047.57299483,15328121.4383122,7917165.60013417,646092.461993792,4692860.60893951,39584034.6541483,31052818.5466899,4304104.97822251
"695",44432174.8603,60032596.6070773,18623312.2855581,36549163.8201268,20543855.4579207,27553207.4400712,13520012.2814066,18435849.9166679,34239568.7673561,9970038.81959016,28701015.4069558,20868833.992758,3713728.14178373,21193927.7980985,5276624.3019669,11539415.2676898,124316859.350243,32639267.2610981,4730625.19946534,2959312.83138941,43438658.481458,35167792.7249303,72248528.2333113,4867355.26744772,5595592.74930353,32715351.1182668,8535102.95973519,8755934.57341828
"698",77708769.0873714,22767547.3719412,51004889.2428691,39382238.6393822,22703004.2525276,83085897.0748644,24045046.4940694,58828796.5158886,17163025.4190537,50552030.0586052,109008277.162217,26245262.8256012,43049851.7083351,35947320.4729011,48456372.2986705,67751291.2908177,45934023.5723119,52498393.2426265,57678793.461597,64436169.0801079,30247996.0957338,81775808.7642991,63683988.542338,16447151.7432781,45816565.130009,56938262.9194309,24292337.0505797,51125725.5314888
"705",8099615.24669076,23945575.7658931,4271937.68205058,9948804.0756191,5305670.28391654,5581633.69336536,1767614.20722175,13768415.5024693,12710351.6695334,4270811.06471491,30629018.5496451,21510668.428361,1326261.43405036,52044413.0574621,14847898.341161,8990701.1048169,25486701.6873762,6986990.0754754,5853062.39799227,25862667.4756226,35346488.8040623,28225882.2920686,9313491.30701592,11186805.6736164,3160474.98740466,7429485.20297079,9048242.59326625,5696554.20227517
"715",56638424.3562758,24824300.5059368,61960115.2286269,56238337.3745312,19004829.1023957,32367313.5769418,24429783.1041527,20918351.8543145,26775516.113833,15592498.5838173,16620747.9632341,31190528.8851919,25211502.7396275,13066207.7216388,6526040.51697627,26049641.1199894,20482236.7098306,10463332.8628704,16698903.3079215,20379436.1730105,23648217.2752077,22284446.6019858,24948105.1634615,19651186.104331,12810164.9843253,21023805.8422514,34077980.0591802,28211105.7638464
"717",213516199.605327,435767877.239947,179075557.296748,307016295.532529,13771802.1613077,24740115.2545534,14767237.1746198,58797905.7468483,19984227.8958249,30633719.3747952,168002719.529865,121756614.191589,12557995.1235164,89229028.1999103,41585495.2248976,70609845.1256997,62997820.8615552,57575278.0325644,24623185.3558782,23250708.8331233,125714681.233911,95072833.5722513,51945153.1962238,30915358.5441115,12685415.5300718,27653153.9937077,24661792.3443304,17399653.9307683
"718",2691625.99376465,23814348.8037318,2167046.67200192,2803204.12621094,11813654.6016975,147353777.278078,6854641.46413814,237458182.219737,65152850.3032629,14708204.3251387,440871630.760759,254805953.222011,31132232.6073571,607089504.299577,162227921.278135,104320832.361818,256030852.999488,35536890.7626888,35372898.0097802,98550611.5664731,147488266.163101,124291005.374817,42353251.6407727,38439134.1204302,11800706.4963519,61962590.4573379,87315894.4124421,11556075.4237552
"725",21998025.8298245,25931360.3261121,9696014.44820689,14664051.0141076,3217432.86979547,6082584.36253553,2638894.40065627,5167820.97820758,8286437.41464787,4948577.31320114,8112926.39665184,11831254.8793483,2194917.38840033,17028993.1351096,1287964.15886659,7285524.28751305,5115640.11326166,8856670.49742184,2812952.06007118,636305.837064409,6914002.57007665,25424475.1187458,7128484.45716517,2374835.60199184,16596710.725487,7750180.40331681,4933077.7588481,3138456.22000732
"745",44455432.5207025,101383481.597329,37154740.6467084,133693117.288031,21113323.8676504,39899928.9760166,17213846.8788179,25324454.7339979,20285904.9942023,17683814.3086704,30495489.413728,37540685.1822329,29048367.2355259,13913700.7791496,9175224.00820254,17912182.0391818,22631214.2808003,23336143.2892497,25643798.6881485,22567811.9380518,22100818.2468125,24319437.6997535,21251027.4960202,13165161.8698877,19468989.1986828,23199398.6865916,18614640.3680815,17352783.7768037
"751",1056236.8625304,12442637.4163258,392992.52659321,1653810.22398505,1895730.70780111,701356.946757323,827603.92433749,8031988.12872801,906928.025787732,3497754.8190019,20551892.7475953,26105137.34755,27291.383958611,8002827.8383862,7560913.99728279,12782930.4759151,5063700.14847355,2221999.23787642,2544321.2875536,2100728.18723497,62827466.9396171,37758054.0188796,703947.394742518,1236611.94212943,0,2532946.53847092,841390.382311793,1887339.65280729
"752",12875820.9137352,20887636.1283121,8854049.48646217,15315760.8018858,3212335.36830137,2983731.5613643,4822447.45215385,5728624.01631727,6925368.9589933,2310368.35659689,19182261.7653166,4914189.31913379,1677151.06004757,11583264.2928644,1974429.12795891,8369175.97785208,15154453.8465565,4827196.03304754,1815723.94507658,20782926.1721124,11093625.4248441,19326060.5251351,4995728.90151141,3793988.27821053,1356209.99282345,3458458.99718059,4971582.84198504,4460049.51792036
"759",30247036.04914,35630286.1402702,15394404.5918393,27801632.7061528,16833131.8326166,53253298.3845846,35430071.349564,34877750.9836896,101364932.597309,62080307.5701481,31703645.1097012,93208210.4202784,2133419.59415687,58491101.5411774,6495272.51187386,17883436.9374878,28328322.6065425,48771802.9171444,15012028.7088278,15929500.6392118,189361656.622058,148204751.959583,98279799.8766321,63560544.3505847,30348956.1813878,271569758.126515,82507338.9036964,26197082.8181197
"760",13669990.3457938,20625416.3202025,5788933.94864613,10043499.6155802,682908.999158144,4793193.59554917,717449.259433219,3669363.12272451,7508449.14879682,913248.030982658,11330741.4036086,52647620.7077082,0,60856229.3616697,38469.4510991391,8500428.46905893,711136.450606869,22608064.8288381,7864964.52954514,199300.602854689,10620854.0429501,121967253.424737,17779485.2833396,3021479.34825611,703811.527353936,19456286.9806843,3062612.65551783,1459725.88492703
"762",4943464.52096551,5411850.14806267,2084647.02260752,2997222.40298296,5392606.56429985,4982177.35215223,8805285.49311373,1295636.24505182,11774304.8641643,6899410.16394378,23315.3013006349,0,20401.7994736372,278201.227636267,0,15649.5357884954,1531022.23575773,926485.199385449,183552.534900046,200853.00777882,2045137.03439898,528883.615839046,26512347.9014358,33534356.0248288,4223526.19762078,25263801.3025446,4514697.47913663,1573590.89991013
"768",1440385.7695923,2973513.42872036,461298.445064696,787545.661651165,917238.559998783,3510427.86353853,2363751.79084902,1217634.22102904,7804191.08818578,3854025.22591331,1373672.56601676,7111351.81895653,14110.2545487732,3910857.42047037,37995.0321791227,112290.992208293,985067.731773051,1370378.41569166,766266.560138238,524786.976428147,14511191.0984105,9482868.67444813,6674111.65610482,4237092.17158854,1537716.26992622,19367918.8838977,5587090.8068945,1403528.29730471
"770",4139979.91998225,9580712.86881311,2827687.89267303,3921115.27536048,3611694.89924283,2908901.32918006,1136153.42829603,6079048.08445707,6139436.8500889,1576192.44493406,10637904.6089392,10906776.6607626,751195.593728936,17084067.5297033,6783073.20172455,8380568.90294548,20441283.2028907,2879152.18354166,4842330.92492318,8744130.01059818,20126438.9136617,14638132.5971599,5125942.46880187,5826432.43737233,1356474.25380321,3016318.44481972,4667968.5427119,3357563.47693194
"771",89665356.4639992,144855328.544653,65844601.5058376,93603783.1834106,84768155.8904659,83832173.0712982,37411002.0030604,149718320.836038,172342109.4633,72252176.9703007,327583995.995684,334272237.908907,58187321.9302449,671676190.682864,548544750.897416,242764074.569727,451766833.791345,288701862.737934,88816218.4974416,675025573.689011,349031148.040011,565345188.30931,182423343.53142,60287706.403716,71620134.8305152,207113247.825338,92802363.1331703,154066778.307095
"772",2020594394.19554,2374572723.72008,582678434.372735,1385204774.75461,23056026.4459674,77437389.8878298,53229722.9366267,66345981.9384449,132296905.33447,44835515.6439134,215730435.83189,901776365.587394,9841784.57827799,560007272.980492,75475312.739087,140424628.942304,64500643.3957569,324036954.610635,48731192.1639287,38279952.424242,290655768.236021,1212483714.64773,431326751.522846,82851982.289639,64762226.6923522,367484361.705433,109887115.073088,107068586.199688
"774",17661167.7778878,30942735.5851195,7950466.26253191,18138758.208034,1412524.55298498,2762145.9525794,994220.798647892,2741819.62827754,7625188.34744216,1769774.49221195,9700341.21883659,2123375.97536106,924767.029956598,10025876.0881136,475089.349120659,2234667.08830338,12125959.6859556,2093066.60536175,520444.24747665,2152780.47393844,51852817.5729627,7026839.55597153,6625445.5312964,2457551.02805048,230381.821818254,6122606.69187832,3609409.83618801,976362.197091567
"785",152692189.057625,180698895.449626,43623441.9246407,103518396.927803,1327905.35943204,5537623.87772523,3414596.68352632,3848932.4634203,9851366.59796803,2853601.69784053,16594326.0438252,67254195.8038722,379582.989645047,42338910.4801856,3325885.10301577,8817650.01683606,4304243.12047668,23559389.866706,3392693.84274792,2359259.21076108,21193350.2832442,92711478.1597354,31671810.6608443,3810086.46403098,4655868.75552712,26852534.843446,7843838.51626891,7461522.84765872
"786",6473354.00796882,10327298.5524084,4424905.95130424,6627594.50117119,6410983.28088195,5381779.32910051,2648383.29348107,12121317.8041362,12686736.2165232,4837975.57805728,24181802.254445,23844456.5547007,4120826.32145715,50400316.5474388,40191288.0360944,17143260.2134004,32838864.2441673,21944859.863763,6475734.79326353,49266206.6583942,25017542.8091353,41615925.4969071,14176054.3960522,2921824.30733993,5079158.7723098,14765649.0459638,6319921.48663888,11473319.4529367
"834",1658519.68546557,3285819.60438503,774755.937052705,2366367.73145664,662655.24353768,688610.711948429,2680629.81444026,34244125.5659816,6631055.17590827,6840985.421522,16757205.0326307,26388091.3460082,22107274.7532879,7514745.13884493,13084467.4117904,1154221.82072396,1415435.31685345,115609576.409404,3752910.69862395,942929.513102312,5030753.31754932,64537546.8487834,10466804.0650925,21358978.9773416,2103105.8949741,10313412.0774311,11301787.341617,1283312.96017269
"849",4283425.87631506,7143466.51250958,2399848.35106474,5762616.29367265,3432764.7928595,2282702.52632182,1240306.4647219,1555190.68392584,1641266.38545115,699082.285311676,23373211.4594894,22824000.049899,377425.652402627,21310431.6189699,397576.841236479,4697605.57595282,6296515.72788959,18221401.7915444,3086474.98202603,10700563.1608342,6180819.09808227,44844566.52642,7115127.70584045,2164741.52478691,0,3535631.42383559,2890602.0311934,3573255.93842422
"851",19413997.201547,22869670.7230236,22414973.4212605,21858964.652335,22453651.2831958,24266520.1527515,26618827.5678438,80177468.724028,43401175.9241801,16323278.7008845,157271597.804894,70475853.1484578,16617184.829022,182261473.508514,67102496.5162136,97081335.135506,249474625.911449,36041434.3377575,17663072.2323512,255605151.03745,104875648.000989,177090327.545068,45231431.7646953,8967054.13931069,9712004.93267859,55151736.4674122,25947584.5764807,27485286.5053696
"853",2388456.59973769,1781552.49532832,2930881.21167464,2633667.76221867,1216355.84309746,1339628.10269849,1233056.08302651,1424716.32164132,463929.130472797,960990.318816786,1946388.25249969,1824397.52340245,1136293.79816163,1512760.91925954,597567.686676966,1380545.29506526,2296366.30668319,1054291.76896919,1354851.68557649,3056769.81274433,1329602.09521518,25438416.9903962,1250436.30978671,414113.116243659,1041909.61108566,1410584.72791842,1134767.5331789,1165815.7010485
"864",28669584.1794686,11573583.3833648,29882572.6547367,28577717.8515148,8967780.1527443,15161051.0452107,10099039.663595,9452285.95247869,12979632.4811085,7080969.73701178,6804504.20841275,14009792.7262203,12622398.7390009,5375638.3827407,1353617.22931728,11771190.3171951,9675095.73848699,4358599.9013205,7873689.91755633,9197963.76943542,11098032.3672942,10762087.0211876,11757431.8331343,1291483.3293402,5647179.57606535,9596536.30174158,16220730.7351117,12590853.1104518
"880",19664322.4735074,19207335.7632258,11408929.2598134,13318281.4557093,17585368.3456929,20426855.148612,13196870.1071334,15280886.8877203,15433351.0649846,16072719.6232543,12037868.836069,14386118.4953135,16912238.971845,12927354.4996801,6198212.29719852,11980146.540251,17004423.2890237,17143363.6829919,14571262.6978046,13713811.4585,14142906.67045,13824244.1684729,17311979.8119621,3340759.28073563,16716506.5202623,16119796.9386863,14405814.720298,10639057.9691785
"900",21649542.8354111,38709034.2961488,9773060.98759541,20100263.5131433,1759708.24032735,7982648.36583206,3967026.8490542,5092431.93155311,8238462.74068393,4732392.81111963,11855818.9580147,19715393.7981154,1833585.66699698,5530993.80679533,7097489.18732397,2712548.64229399,5402528.45318568,11209231.9230755,3310099.76473486,6716540.57732938,14530712.6505013,6290957.18922038,7481854.68504544,3708461.54259941,1836982.20626948,12912337.6946653,4986239.78910751,6823164.80408458
"901",71583078.2869633,94835763.0647288,31009985.7226703,52740885.3761879,18754237.5831336,21601225.3630671,10986077.1453702,33986306.3576608,17156786.7166531,9634373.83293623,38168040.4192698,46832367.5725722,5619527.82728293,47081375.498663,7425887.6127133,24820586.7516332,32296684.0416142,113834089.898028,4650726.84330826,13298813.6657362,55000182.001229,82531614.4664436,44379027.0377617,1502099.92102921,6366268.13150901,48639502.4650937,14320137.3347438,33794131.6953285
"916",1963838.40131124,12335491.7906671,256147.859757145,4329785.21589555,14379570.2995877,4352476.84728522,3125204.4194089,4143758.43479013,4666165.38151634,1783484.29838431,72863713.6743823,26984267.259026,3738358.35617038,19952303.8501303,9927684.48062967,7306527.72654529,43722460.2474942,27455714.257468,8217518.39906452,42388152.6703726,21389946.3904845,40224219.6324205,11625127.5903649,2970584.83728469,12132.0710037196,11117136.5869928,6281351.71015277,7623609.82204186
"921",8606490.07348139,13679470.183349,5895940.84079876,12138424.1999022,7483425.72745004,3808327.86006702,2746332.10118973,4722180.1898715,5605073.35211236,1547521.28383519,73395936.936269,35823692.908828,1653749.93053112,26660508.776078,2395182.3893095,16786492.8605431,28160742.5016684,49013139.8589576,10591224.6596578,33482162.3466702,14194917.9717788,72990807.8394524,14087273.5128399,1137812.86284197,79338.0610809326,8693263.39801609,4011949.6327121,6605866.62230628
"961",53579534.2419028,139508694.519672,54438211.1966124,39809802.416901,152782284.551867,46561305.1549439,142029175.680176,43954702.2706693,114182389.593482,43259499.8626956,38269854.0918338,127299778.103342,42686823.5803935,56340609.3767083,53530672.4109908,47031826.595686,59006666.0863231,40879030.7322354,47437503.1287732,44785745.1694949,132112307.259882,41398068.8643489,43083249.8241674,129775539.196042,46056831.9465922,55529661.4835969,107153857.245701,38349334.9101315
"984",22549409.0259257,73969274.8571334,19069673.2170137,43229449.7612181,4843530.49661904,85019592.352669,3113639.11018676,37565523.4944469,7444504.8055208,4531863.9641611,2589800.38015428,32674827.4791724,699101.54011918,1969855.67709786,41635894.4407161,1744550.78693236,4715424.08217053,1333058.93362518,7151906.75354117,6505489.3716416,3545592.67274612,15580611.0947199,13292091.0983924,28307103.5103239,2133067.74074048,13368571.079208,53943473.6023108,12349488.6508169
"985",10422581.4846115,9354178.97019298,10293221.3674582,9452051.71467628,8593976.43801375,10990609.4763409,6406997.67598987,11050701.5168859,9376280.43012586,8600004.26279176,14555897.2439881,9589000.20376105,10532152.0678154,5206167.21073776,6859605.95617385,9595662.39270276,20262425.9477503,10164268.7637472,6965450.48202675,15596001.1624358,8753300.32755918,11423233.2500965,11727442.8697763,1693058.09347412,9117932.95742675,10700352.3230193,7787905.09623925,7107519.68344196
"992",3165609.98718848,2844704.54183741,3088011.52669477,2745021.3269752,2188890.38350396,2328372.56886591,2009859.41909558,2805343.44613095,2528562.68366757,2313732.56523557,4286490.03314859,2766003.6143122,2859224.6611971,4236039.61330683,2277321.89770995,1933689.89565613,8979524.4122062,2474975.50176187,2812505.35321359,5094524.85588992,1905046.33993585,2833779.38942889,5826663.98176597,3694414.11689096,3459297.24544403,2711759.9561854,4748123.82637369,2013034.51738745
"1008",397958508.972106,300724022.391154,414378515.338874,377688492.25737,289180443.709341,384995913.044105,266774817.63872,355626158.104279,338663126.803344,255436304.407992,297096532.19978,376201314.5887,282726855.937112,279918608.293575,296998214.837399,349096528.087906,296437115.378269,251273570.849046,241529344.749022,389849191.19126,280154613.454074,336574331.602398,400928215.195348,307950389.53105,275243672.339504,387474912.774352,337365642.040097,315400047.422906
"1012",10886075.9313152,5813560.50197628,7732223.27942771,19692919.1264279,4898015.70454575,8419688.48934875,5324316.4043477,4961395.69238237,6224836.67450455,4221501.08421121,934649.379352559,7041234.99074519,12631962.5036236,2852421.11866048,493703.508136272,7335266.07635072,4377052.68662296,2446250.93779611,3915452.84517309,1031416.41451982,6671649.43732541,2401906.32085395,7089981.08940812,1761187.39249409,2736901.27735308,5173827.40350579,9156823.18434449,3993940.34920646
"1013",13460623.2415642,8288258.72427399,19580897.7579175,17709111.4395896,2114028.23347474,1888425.69261677,2947119.10342401,1248611.16877898,653090.592738801,2479213.13579629,1665853.69774285,3563293.90867488,2833838.13140174,750131.388186138,1631321.61953415,5766619.25036747,3302406.36315571,830736.044874704,1421976.08362221,2921821.53649535,989252.90185647,2451799.5299634,1925595.72022768,198734.217308119,1563499.52395738,1609548.08960718,1264401.53541252,2525131.12022106
"1020",231843325.459439,327912079.055617,282404544.532665,795712663.983615,281660385.791716,410396271.662424,321020032.242171,250985570.029501,275701703.274988,187026175.978831,265463663.225791,395726162.687972,317321857.722737,175083840.961567,208298898.184845,140494101.127205,287714463.210642,288754818.838678,238303936.459753,276865432.050823,507717407.7555,253280317.633404,223484096.476505,350219458.235122,230850690.765789,221432113.7859,417643022.722927,240394274.982453
"1044",96673.8604823335,135956.46582281,94892.1906221357,167667.057585226,80057.5286465954,220260.256290142,146511.275841666,990107.414439221,422735.8578782,79642.7521349271,1912151.78716737,1934234.23978939,170134.914276257,3605884.13723619,1096373.47364344,1227701.54775355,2302639.37176506,216171.688301525,1773838.62123778,1809406.9407454,2862922.74998874,2469864.45613313,374819.047701032,94093.4279017401,56292.4711327775,244865.802254888,681033.677012502,230916.996567805
"1047",6284600.27438376,8210566.85193517,5773136.74174622,4694070.83158283,26785322.3079382,4389158.10407557,3281566.13538355,41355290.6035571,8117943.07063783,14751121.8723914,103918299.272793,156574738.104006,94565785.741449,184948957.947302,389863647.324482,73854382.9445876,620857815.539032,124511484.958956,54464796.1443139,624416268.530902,118760881.077222,185651349.445041,18540058.2515087,9288608.47899765,6919932.64271086,31878655.3984302,13776189.2484091,16446718.2820381
"1080",15622266.7951513,10653501.2953388,30939881.133529,26298264.8218891,1912201.82969495,2774821.15830153,2828625.85575429,1326903.72780195,650750.121418548,2842069.73119304,1678019.61676762,1802208.16876943,3557234.03914309,629229.08928945,1036306.26797995,5343636.03845256,4253569.76753049,1220968.54480479,1907829.0856156,2776937.38549994,1201888.36171367,1497181.53238729,1517203.60642651,86353.5649843613,1498697.04059819,1611950.70981303,2251067.39504719,2834402.15297521
"1117",1168699.14737902,1503848.44037368,760075.321250882,989274.298816223,576683.575081031,287140.316749726,78272.2600557225,937452.018036453,1798861.03185182,1153921.98931221,2645982.12958638,4644097.50130349,2166940.73902338,3938819.46518995,9604244.52922486,1284218.19025674,18936741.86816,2302002.23845456,5847342.80571595,35366305.0454031,3213937.48264724,8852034.03331987,654634.319520778,374003.115841345,161273.732139722,1305314.96311871,457482.381983493,279443.891403007
"1118",44877.043068856,88972.6987696199,0,0,0,233973.243305326,18956.9521384991,223081.893549021,7810058.24506728,3608699.28344258,0,104050.883589487,13779.2470732721,0,102290.455353806,0,108968.099371436,0,27466.326035397,278441.999695407,30159.1086168429,35910.7119194736,0,41297.2313239005,160372.364274884,1173094.75400472,39146.2409697162,0
"1121",4209916.91085969,8783430.99083227,5823733.23530087,13417682.5195068,22412908.3689742,10278254.9884576,7534714.00292221,4499400.54611067,6143824.57527076,14095751.9945364,4761217.54911301,9698581.94142655,8920536.88814353,11261858.7114642,4684745.40640923,4856886.90091773,18190422.6762196,6640485.16573468,8425596.41626974,6669005.86525208,24868138.6842751,7309065.9922692,11262194.875543,2153210.52082688,4371242.4961184,12934474.0490429,7580871.25022183,10509883.1799366
"1133",91461707.7184355,47475475.3864555,156677390.588134,129721377.18176,15163687.875692,13537457.2416293,27200958.3427415,6732901.69589613,5038932.69806383,21117819.8477498,9496510.73311194,16732216.8426605,29999660.0483684,4274601.0040099,6332002.94899356,32455437.3566074,35638729.6292802,10396070.789182,13076111.6691025,18773189.6363038,8917202.17562144,12238241.4704093,10207240.6819962,860123.254601932,11410229.6848682,9166016.24939968,15242713.9248093,21580995.8029325
"1144",46685182.216043,6741260.25239797,74118264.227446,49127133.9706303,39819225.9953129,25488100.3742443,67449653.3638122,37458251.8271679,14688259.5685217,73713375.5926144,11765469.577505,35332611.6910331,48275288.3702909,4526754.78239005,22401857.8554645,60017945.2967631,40224603.7323047,4008298.65195577,17183138.5860749,23209009.6835565,8329635.16728257,33749615.0427508,56275452.9493249,68194308.0223236,14646068.2155198,22413292.3790367,59474180.6874477,119923975.002114
"1152",12085890.2973758,7305553.94915042,20880940.0180517,17104243.4324285,1550735.53084041,1732082.39595684,1965488.30180705,931430.212337404,726956.817391813,2042584.97184339,982648.098583327,1575450.07346367,2450017.72684939,378431.255081664,669546.433262026,3687039.03128052,2853301.11437417,764711.977248627,1505814.89971007,1867844.47011707,834900.592951371,940975.286407179,1259446.30149584,209654.139760756,1302999.62202146,1087081.12160742,1379259.17199973,1801961.70388182
"1155",52213352.9483807,73352877.8582326,37831335.1288752,27027826.3218118,33413073.3592451,30011376.4934663,15592456.8982723,17579510.9127149,9294772.2181491,28659731.0659564,15071006.1516208,23304525.3654465,4741953.73508437,9454366.45618445,5182596.2922979,61880299.4943266,10981820.2778241,6919851.20390698,25624518.8956824,9941472.78049066,42766562.0589371,181134769.414369,4887408.03300879,4678174.90117095,5858312.67764303,22947828.7415508,12565220.2814365,4441875.3597013
"1165",410153.689311978,453317.491648476,422264.297138371,291249.006277299,213902.507433163,220439.523563973,172023.324191482,494587.247701409,608308.141518407,317660.909709047,2633361.91562005,6351063.72566725,2069162.24041779,3845172.62531768,401125.350424629,477088.762476162,5345414.87643538,1206388.34826657,2091294.49533405,16993587.384485,1279315.10143267,5662699.10826996,260603.534134066,364031.336235091,1111579.62522404,702215.244261495,248005.960588908,118815.584625861
"1191",30317579.757349,109478661.352651,25218144.6708139,39252377.137697,127817528.191876,124993530.62595,55174128.5045712,337052441.625248,226262055.618418,128280329.226306,3345871069.59529,1971992157.04341,422578910.881872,8023272634.86145,6494987187.54623,1864842968.97246,463116075.990013,423495916.545894,459075822.206711,1244642600.1602,762494450.180363,497509167.980899,277693093.492471,119353682.768738,265231749.014043,328788239.34784,155909554.268375,168517682.614113
"1193",22774322.4548159,58208337.9273764,26291054.6762979,31201761.538401,35625132.9807924,84864382.2517252,15816470.7648993,126088259.387384,66134901.313981,39618226.9061514,110399001.464215,268781681.662678,49239463.7380054,219296991.879456,190792859.858484,167999118.140387,163576778.822347,15597571.6353672,13274510.756091,199737511.494407,615303673.137901,108678902.144693,29787846.6760704,137467073.916248,23322724.0330908,253081248.8139,174156117.040423,132067941.970309
"1197",2555402.03016936,11753467.3504341,2180329.58837476,3698324.06585238,13563289.1771097,13894395.4764076,6049423.39742735,35969890.7132114,23764124.6032844,13742118.7553052,358562525.451396,212393699.271398,45289340.1251562,844071119.482206,711704838.016918,199156819.689771,48779914.292003,44803072.0224218,49075569.9098107,131495491.193872,78125294.6232873,51814433.0534886,29267489.1332134,8799135.35934522,27641477.5086371,35423751.0334632,16613339.7553298,18879243.7991077
"1200",0,178500.781233679,0,36651.5883496489,217941.271495176,702768.500639876,157624.265747104,1997592.52662677,1193416.22631541,244203.058817191,33164410.5664067,18873730.0161799,2438085.47519879,81495543.6542672,65402282.1392468,15384910.9233664,2491563.95986806,3086999.59667176,3802978.87754427,8688547.17711639,5783174.45915357,3526718.42015349,1659480.64419222,464743.312199913,1246374.81100786,1331763.45470803,633888.343330579,313259.654773752
"1202",84749021.9153443,20178166.9598866,105250244.419794,85808196.9415117,16826400.1530242,23272311.4013277,44682239.0745281,13316825.0390712,13326099.8205918,26954611.4465095,10355113.4654646,18432423.8974855,20199678.0928385,8539128.95256215,11404678.2223942,48247181.0669372,15021501.0763935,8178927.71692909,13096591.7335347,12933623.0533477,10355094.7554635,13013016.6588634,15890489.260704,15824953.0469844,9371429.35236255,11211330.6916808,21133400.6144259,26201399.3188404
"1219",72416346.2510278,34564531.7488198,122369672.116364,108414863.559976,10385711.8236215,9689008.86896242,18585484.7522243,4139280.91999268,908401.31680103,15909813.9630729,5717288.18450569,10400059.0136177,23729144.8766845,1429044.05792011,4157790.18389242,25985988.5432432,27250331.3042864,7449400.8730423,9384243.00439586,15100450.5589553,1629454.06978776,5885920.55888276,7048210.25625692,5074785.17324908,8105055.21091924,6427382.63221337,9556259.96213053,15203351.2006913
"1227",6485113.30333915,17067010.2108275,12470065.9076577,18142709.0967459,20425933.9178987,6956809.33884497,8818612.81593119,7167470.45464921,8667048.39886905,14731097.4589694,5529976.40956533,14530262.2875777,2349683.80527984,10711561.9819512,923574.944982643,9121032.5445565,15721839.6726934,6880478.18965569,6736511.58044676,10592236.6011444,24357247.0723362,21682660.4505205,4424104.92906671,4812764.66228799,4270678.74463715,10030638.9504521,7366600.98265474,2554677.08362564
"1231",199495.673033189,1553526.18383386,4450877.21751979,485297.915635673,4135512.16632742,3034086.41299532,1178382.05888387,5495659.22185861,5922831.48351071,2041269.4393866,24993982.2654779,18476787.6693501,513699.523511566,20087922.214496,13366623.8471587,11401313.627239,41752979.5063109,1085094.41682566,5171276.49369,49966193.5182711,22838030.5573501,73849888.9647244,3874913.00762355,849640.973160482,1529169.47133627,2740931.59122124,5543452.87255647,12882320.4651441
"1245",31592857.5997408,301735269.860251,15723120.8744658,55123718.7203171,130211238.707063,146111636.368232,46751696.1672559,157024581.494853,160784753.261606,63160749.6009505,5817637797.3559,5322807812.80659,587275852.854282,1309677340.45808,578162685.136575,199559645.181561,2296649054.83626,514130647.186982,260889692.359893,2052904162.89945,2368297037.01064,974807907.812787,313415601.686457,176224147.754807,71616574.237432,326552005.380354,180778152.885366,158260651.528546
"1260",49196.6026963947,1795229.86073919,905497.89510287,305998.279790006,1006354.26121444,2182345.30879498,148733.859779044,4382762.68655214,1813861.61850893,1098259.61931965,30700889.5446472,21930929.2123317,3538303.1560044,32376051.3787714,32111920.0823618,6719330.55786786,37506110.1108566,7228504.41240295,6002710.68845789,44554185.2081731,34607825.6934242,24737703.2472502,3711864.55402811,4914697.29496892,333623.762617328,3768932.11303238,5196973.97558145,4058445.43327923
"1263",19191595.8216977,59816593.8544067,10970880.3459499,30269813.4354923,10433751.7017791,525392.404136629,3861653.08873047,10791269.3104931,10790630.5499848,7433069.32582327,360722.039982366,98938.6126534268,47248.6759087161,5188940.85155056,589296.075436413,38600.6735708714,98288140.4519118,73147247.4271314,24495067.0510976,218798914.962143,78514937.2738567,132197830.492925,21703689.3421146,2749517.94044296,4215486.26062153,26002423.9084674,251712.354271513,10574300.4070725
"1267",1269759.08032188,1678961.45298236,547188.22328522,1494129.2193181,1381620.52465159,2025833.49868295,1404223.59444223,2081665.74638493,1037610.64402,1586738.62769686,692339.876740538,1753505.86725724,1932449.90194603,879424.573019693,512234.570252484,1351050.48354337,1727110.91388528,1809395.38993048,1592630.16285865,462628.422755603,2034675.60108926,634024.426054374,3054916.78421745,2198841.63605926,1676474.35440028,1852821.51992432,2094291.62619572,980768.263330822
"1285",93415988.5319695,182627750.756945,122332307.75065,97956414.4953029,40774350.0016414,164842685.983003,36310934.4251329,166921733.079091,66172040.8435891,31846268.629921,718752296.014318,297252465.841735,160135687.902817,181927532.990651,82623469.392311,141296921.311776,60338325.5002169,121692265.669077,36702882.6429398,163529206.67946,173952536.24427,145105092.449645,72847674.0546461,200939419.836264,66165848.0615359,92383503.7546858,311983904.424062,96995603.8326861
"1286",403175.415561686,9879210.13862639,119138.220604245,710054.371849175,5056042.05073075,44671763.0917315,2320857.40937884,80593453.5426105,20272219.6643607,5542656.18387148,124501325.137652,74420432.4435032,9348297.37203542,181282304.724355,45769021.0823805,30527442.7786973,78603618.7321184,10849920.0820865,10199204.1085167,27418688.3810798,43750071.8423423,35755363.3027927,13548820.6751421,11827649.3045984,3783089.87039883,20341043.6943419,25830987.7195954,3100652.62867796
"1304",947089.562639142,5176090.44217434,2516352.76770027,1252127.11342128,2929170.53435169,4090920.97525653,769298.663204843,13401692.3832531,4593838.23105831,3098459.84771749,61805875.4608356,44517906.9327571,11196094.0594062,72810544.6633193,69778587.766718,19271200.8952933,84760244.2315558,17403812.2571942,15150762.7930722,95706993.9847756,72476868.7088463,51972231.7176505,10465803.4429848,10859580.414225,1405952.39744332,28599565.2212829,12102941.2009161,17284885.4736526
"1310",97524633.1427118,860784708.794184,456578147.807362,399532711.838067,459648068.515034,53467563.6661429,242581530.240455,110028500.871578,171909946.148263,223812230.330201,33449977.1071658,563447234.914538,24626471.2820939,160935341.110067,120539022.978361,158885798.040056,174969135.782038,92404939.2051083,495251077.499154,103457713.983939,497849884.045412,2525429568.88391,35180573.9609743,247439495.115044,42661598.9169285,114245821.388465,212334198.571717,16489664.5250773
"1339",17459582.4114859,148125876.180874,78841320.4824139,69174753.4992978,78428679.0568021,9255648.0019698,40122082.3548196,19096276.2114966,29045117.8254197,38129835.1682751,5883547.06836972,95042083.9162008,3885743.04498894,26856433.6476799,2994610.59128077,27429120.1675078,28869049.5750211,15867779.3673111,84574628.4126346,18023071.6251113,84252025.2210926,433404175.116464,6102556.17220031,41957033.1184711,7426864.04053289,19660565.2099502,35994944.0597972,2308466.01068371
"1367",1882874.98800094,953781.236584604,3626896.14578674,4272963.94115703,839687.802767478,1525929.23739205,641899.574146837,2548043.76197624,506594.035015067,3529702.45429077,1530488.09880296,733506.606039585,1386363.10744815,3695950.60724649,1227131.70111629,1688152.70508307,3286996.39657594,2294406.49677965,17082004.2392453,1744431.10996302,868095.324677118,72932302.2142697,1610090.89463928,446774.354725558,1177096.24938433,1789354.75754767,735407.168210552,882452.126337793
"1370",30751461.8569588,24453151.6370404,33051437.7308082,68281008.3444936,7231373.06039007,7711711.11845315,11076076.4518166,2887768.89388026,1169190.73627262,12138662.755667,1539951.13367817,7931752.74252893,23002568.7537371,1243993.01202177,2991690.72746692,16708549.1820247,19322147.8295744,5621229.05815999,6872793.19559198,2962714.41004053,4270780.28324449,2134868.25912718,5476053.0406903,389146.156375524,6153214.18607096,4893295.96293675,5818497.59973824,5530752.98280224
"1373",17426422.2069052,128623090.821999,34856312.479781,42621049.7017667,128853111.975424,18159055.2721292,57692927.3186526,19724371.0582786,60814209.8157571,17127743.3532208,20013160.092416,110125210.05982,8038404.17505571,23752061.7987971,4713500.98790696,31247176.3532264,33433436.0461418,21371340.0898693,13069279.4612149,27181361.0516236,106490107.691362,44855097.0793901,8968499.85128546,69966662.35533,10624883.9965315,22719733.5337788,74731018.6983747,6737595.17022843
"1414",49434169.7641405,15380326.3425009,82939176.0614841,73416965.6446416,15078341.9672364,18012436.075029,57149846.3641569,11684053.8677404,8635737.32113183,24688749.6596608,10669637.6221428,16709515.7848461,20853517.3858227,8112620.13877122,5982340.71415031,63584207.342812,13427637.656151,6582359.82972549,12191765.5788207,14963944.4297877,7403739.03336669,12509014.7718297,15275843.9341408,18292882.3007929,9173860.03197345,9415069.23766124,14770175.6233663,24068698.3479717
"1416",15690751.7195252,10214584.4728566,19595044.5059548,26363750.7823655,3210406.90890688,3064226.32525309,4281398.67411548,1148057.59154668,260939.918202518,4732701.10740314,399248.174581998,3050269.51430106,7433773.46807862,327459.254839551,823468.868453411,7933382.6647411,7652613.82780746,1829503.62779846,2821082.21104699,1017729.31910466,1718923.8997347,1392163.88847932,1894444.25231638,139766.328751019,2143383.61612809,1939563.7944526,2697134.0287403,3347425.4227723
"1436",3195583.2504572,36573580.5189052,14270491.7943704,21832979.0797796,19812687.8151319,2317855.56897696,9014933.38155232,3313404.41823039,6027492.22336448,8060563.4722979,1151273.71932417,27001600.4609439,818451.428290754,10112330.3571993,2430882.68769733,4564509.19455313,10375289.1038218,2128580.39934431,24157633.6296441,2928672.53560959,22351502.4874589,101648267.469462,1604238.95927521,2493412.70390521,770650.514710999,5587539.82999785,8998055.35529725,542300.343059277
"1524",11161184.9073352,17984226.1525742,11959485.0798727,12776763.7794414,16712419.0491322,14056398.6338988,15972127.0215675,13556309.5508203,20038784.1813856,11537962.5734929,14517349.481163,19073309.9329466,12119621.1704878,10147674.8105883,13029659.8196505,9610522.99212884,17217847.2449383,13524192.718536,12995557.8373291,14890579.1384043,13956370.5708985,12900767.053943,12231789.2711272,6258309.24347679,15359812.6441159,16065047.046633,18359714.317333,11902131.8078859
"1550",50627106.2935541,1504661.23984761,75698754.3249025,64676664.9152852,1685636.09785042,46066466.6796088,3640545.5482843,43373553.3971337,2003660.7714871,61937394.0219363,49977555.3693163,5306392.89825922,43430830.1984974,4817452.39140084,38807921.9184449,39805447.3848507,40504585.9251999,34386119.8908559,13597937.2169421,45257911.1557602,2118284.84531796,26466160.9888947,36798012.7764174,1331293.97471909,39062774.3564968,40658636.6842559,3477338.25603948,67699672.7440737
